-- phpMyAdmin SQL Dump
-- version 4.8.4
-- https://www.phpmyadmin.net/
--
-- Host: 127.0.0.1
-- Generation Time: Feb 28, 2019 at 10:34 AM
-- Server version: 10.1.37-MariaDB
-- PHP Version: 7.3.0

SET SQL_MODE = "NO_AUTO_VALUE_ON_ZERO";
SET AUTOCOMMIT = 0;
START TRANSACTION;
SET time_zone = "+00:00";


/*!40101 SET @OLD_CHARACTER_SET_CLIENT=@@CHARACTER_SET_CLIENT */;
/*!40101 SET @OLD_CHARACTER_SET_RESULTS=@@CHARACTER_SET_RESULTS */;
/*!40101 SET @OLD_COLLATION_CONNECTION=@@COLLATION_CONNECTION */;
/*!40101 SET NAMES utf8mb4 */;

--
-- Database: `db_cuti`
--

-- --------------------------------------------------------

--
-- Table structure for table `ct_cuti`
--

CREATE TABLE `ct_cuti` (
  `id_cuti` int(11) NOT NULL,
  `id_karyawan` int(11) NOT NULL,
  `jenis_cuti` int(11) NOT NULL,
  `tgl_pengajuan` date NOT NULL,
  `tgl_mulai` date NOT NULL,
  `tgl_selesai` date NOT NULL,
  `alasan_cuti` text NOT NULL,
  `status_cuti` tinyint(4) NOT NULL DEFAULT '0',
  `approval_kabag` tinyint(4) NOT NULL,
  `remark` text NOT NULL
) ENGINE=InnoDB DEFAULT CHARSET=latin1;

--
-- Dumping data for table `ct_cuti`
--

INSERT INTO `ct_cuti` (`id_cuti`, `id_karyawan`, `jenis_cuti`, `tgl_pengajuan`, `tgl_mulai`, `tgl_selesai`, `alasan_cuti`, `status_cuti`, `approval_kabag`, `remark`) VALUES
(2, 3, 2, '2018-09-18', '2017-09-19', '2017-09-20', 'sakit maag', 1, 1, ''),
(3, 1, 2, '2018-09-07', '2017-09-10', '2017-09-11', 'liburan', 1, 1, ''),
(4, 2, 2, '2018-09-01', '2017-09-05', '2017-09-07', 'arisan keluarga', 1, 1, ''),
(5, 4, 2, '2018-09-01', '2017-09-03', '2017-09-04', 'ambil rapot anak', 1, 1, ''),
(6, 5, 2, '2018-09-19', '2017-09-21', '2017-09-21', 'orang tua sakit', 1, 1, ''),
(7, 8, 2, '2018-09-21', '2017-09-24', '2017-09-25', 'banjir', 1, 1, ''),
(8, 14, 2, '2018-09-23', '2017-09-28', '2017-09-28', 'LIBURAN', 1, 1, ''),
(9, 16, 2, '2018-09-12', '2017-09-14', '2017-09-14', 'acara keluarga', 1, 1, ''),
(10, 19, 2, '2018-09-01', '2017-09-03', '2017-09-04', 'check up ', 1, 1, ''),
(11, 12, 2, '2018-09-07', '2017-09-12', '2017-09-13', 'pindahan rumah', 1, 1, ''),
(12, 3, 2, '2019-01-20', '2017-01-03', '2017-01-04', 'pergi', 1, 1, ''),
(13, 3, 2, '2019-01-20', '2017-02-08', '2017-02-09', 'arisan', 1, 1, ''),
(14, 3, 2, '2019-01-20', '2017-03-24', '2017-03-25', 'keluar kota', 1, 1, ''),
(15, 3, 2, '2019-01-20', '2017-04-06', '2017-04-07', 'demam', 1, 1, ''),
(16, 4, 2, '2019-01-20', '2017-02-22', '2017-02-23', 'pergi', 1, 1, ''),
(17, 4, 2, '2019-01-20', '2017-06-23', '2017-06-25', 'saudara wafat', 1, 1, ''),
(18, 4, 2, '2019-01-20', '2017-08-01', '2017-08-02', 'anak sakit', 1, 1, ''),
(19, 4, 2, '2019-01-20', '2017-10-25', '2017-10-26', 'sakit', 1, 1, ''),
(20, 4, 2, '2019-01-20', '2017-12-26', '2017-12-27', 'mules', 1, 1, ''),
(21, 5, 2, '2019-01-20', '2017-01-05', '2017-01-06', 'banjir', 1, 1, ''),
(22, 5, 2, '2019-01-20', '2017-02-07', '2017-02-08', 'pusing', 1, 1, ''),
(23, 5, 2, '2019-01-20', '2017-03-07', '2017-03-08', 'drop', 1, 1, ''),
(24, 5, 2, '2019-01-20', '2017-04-20', '2017-04-21', 'banjir', 1, 1, ''),
(25, 5, 2, '2019-01-20', '2017-05-29', '2017-05-30', 'LIBURAN', 1, 1, ''),
(26, 5, 2, '2019-01-20', '2017-06-01', '2017-06-02', 'acara keluarga', 1, 1, ''),
(27, 5, 2, '2019-01-20', '2017-06-02', '2017-06-02', 'check up ', 1, 1, ''),
(28, 5, 2, '2019-01-20', '2017-07-18', '2017-07-19', 'pindahan rumah', 1, 1, ''),
(29, 5, 2, '2019-01-20', '2017-08-10', '2017-08-10', 'pergi', 1, 1, ''),
(30, 5, 2, '2019-01-20', '2017-12-15', '2017-12-15', 'arisan', 1, 1, ''),
(31, 5, 2, '2019-01-20', '2017-12-20', '2017-12-21', 'keluar kota', 1, 1, ''),
(32, 6, 2, '2019-01-20', '2017-02-16', '2017-02-16', 'demam', 1, 1, ''),
(33, 6, 2, '2019-01-20', '2017-03-20', '2017-03-20', 'pergi', 1, 1, ''),
(34, 6, 2, '2019-01-20', '2017-06-02', '2017-06-02', 'saudara wafat', 1, 1, ''),
(35, 6, 2, '2019-01-20', '2017-07-01', '2017-07-01', 'anak sakit', 1, 1, ''),
(36, 6, 2, '2019-01-20', '2017-08-15', '2017-08-15', 'sakit', 1, 1, ''),
(37, 6, 2, '2019-01-20', '2017-09-21', '2017-09-21', 'mules', 1, 1, ''),
(38, 6, 2, '2019-01-20', '2017-10-13', '2017-10-13', 'banjir', 1, 1, ''),
(39, 6, 2, '2019-01-20', '2017-04-01', '2017-04-01', 'pusing', 1, 1, ''),
(40, 6, 2, '2019-01-20', '2017-05-25', '2017-05-25', 'banjir', 1, 1, ''),
(41, 6, 2, '2019-01-20', '2017-01-11', '2017-01-11', 'LIBURAN', 1, 1, ''),
(42, 7, 2, '2019-01-20', '2017-01-19', '2017-01-19', 'acara keluarga', 1, 1, ''),
(43, 7, 2, '2019-01-20', '2017-02-14', '2017-02-14', 'check up ', 1, 1, ''),
(44, 7, 2, '2019-01-20', '2017-03-17', '2017-03-17', 'pindahan rumah', 1, 1, ''),
(45, 7, 2, '2019-01-20', '2017-04-10', '2017-04-10', 'pergi', 1, 1, ''),
(46, 7, 2, '2019-01-20', '2017-05-31', '2017-05-31', 'arisan', 1, 1, ''),
(47, 7, 2, '2019-01-20', '2017-06-19', '2017-06-19', 'keluar kota', 1, 1, ''),
(48, 7, 2, '2019-01-20', '2017-07-27', '2017-07-27', 'demam', 1, 1, ''),
(49, 7, 2, '2019-01-20', '2017-08-21', '2017-08-21', 'pergi', 1, 1, ''),
(50, 7, 2, '2019-01-20', '2017-09-20', '2017-09-20', 'saudara wafat', 1, 1, ''),
(51, 7, 2, '2019-01-20', '2017-10-04', '2017-10-04', 'anak sakit', 1, 1, ''),
(52, 7, 2, '2019-01-20', '2017-12-05', '2017-12-05', 'sakit', 1, 1, ''),
(53, 8, 2, '2019-01-20', '2017-01-04', '2017-01-04', 'mules', 1, 1, ''),
(54, 8, 2, '2019-01-20', '2017-02-16', '2017-02-16', 'banjir', 1, 1, ''),
(55, 8, 2, '2019-01-20', '2017-03-17', '2017-03-17', 'pusing', 1, 1, ''),
(56, 8, 2, '2019-01-20', '2017-04-03', '2017-04-03', 'banjir', 1, 1, ''),
(57, 8, 2, '2019-01-20', '2017-05-04', '2017-05-04', 'LIBURAN', 1, 1, ''),
(58, 8, 2, '2019-01-20', '2017-06-02', '2017-06-02', 'acara keluarga', 1, 1, ''),
(59, 8, 2, '2019-01-20', '2017-07-27', '2017-07-27', 'check up ', 1, 1, ''),
(60, 8, 2, '2019-01-20', '2017-08-11', '2017-08-11', 'pindahan rumah', 1, 1, ''),
(61, 8, 2, '2019-01-20', '2017-10-09', '2017-10-09', 'pergi', 1, 1, ''),
(62, 8, 2, '2019-01-20', '2017-11-13', '2017-11-13', 'arisan', 1, 1, ''),
(63, 8, 2, '2019-01-20', '2017-12-08', '2017-12-08', 'keluar kota', 1, 1, ''),
(64, 9, 2, '2019-01-20', '2017-01-19', '2017-01-19', 'demam', 1, 1, ''),
(65, 9, 2, '2019-01-20', '2017-02-14', '2017-02-14', 'pergi', 1, 1, ''),
(66, 9, 2, '2019-01-20', '2017-03-17', '2017-03-17', 'saudara wafat', 1, 1, ''),
(67, 9, 2, '2019-01-20', '2017-04-10', '2017-04-10', 'anak sakit', 1, 1, ''),
(68, 9, 2, '2019-01-20', '2017-05-31', '2017-05-31', 'sakit', 1, 1, ''),
(69, 9, 2, '2019-01-20', '2017-06-19', '2017-06-19', 'mules', 1, 1, ''),
(70, 9, 2, '2019-01-20', '2017-07-27', '2017-07-27', 'banjir', 1, 1, ''),
(71, 9, 2, '2019-01-20', '2017-08-21', '2017-08-21', 'pusing', 1, 1, ''),
(72, 10, 2, '2019-01-20', '2017-01-19', '2017-01-19', 'orang tua sakit', 1, 1, ''),
(73, 10, 2, '2019-01-20', '2017-02-14', '2017-02-14', 'banjir', 1, 1, ''),
(74, 10, 2, '2019-01-20', '2017-03-17', '2017-03-17', 'LIBURAN', 1, 1, ''),
(75, 10, 2, '2019-01-20', '2017-04-10', '2017-04-10', 'acara keluarga', 1, 1, ''),
(76, 10, 2, '2019-01-20', '2017-05-31', '2017-05-31', 'check up ', 1, 1, ''),
(77, 10, 2, '2019-01-20', '2017-06-19', '2017-06-19', 'pindahan rumah', 1, 1, ''),
(78, 10, 2, '2019-01-20', '2017-07-27', '2017-07-27', 'pergi', 1, 1, ''),
(79, 10, 2, '2019-01-20', '2017-08-21', '2017-08-21', 'arisan', 1, 1, ''),
(80, 10, 2, '2019-01-20', '2017-09-20', '2017-09-20', 'keluar kota', 1, 1, ''),
(81, 10, 2, '2019-01-20', '2017-10-04', '2017-10-04', 'demam', 1, 1, ''),
(82, 10, 2, '2019-01-20', '2017-11-05', '2017-11-05', 'pergi', 1, 1, ''),
(83, 10, 2, '2019-01-20', '2017-12-05', '2017-12-05', 'saudara wafat', 1, 1, ''),
(84, 11, 2, '2019-01-20', '2017-03-17', '2017-03-17', 'anak sakit', 1, 1, ''),
(85, 11, 2, '2019-01-20', '2017-04-10', '2017-04-10', 'sakit', 1, 1, ''),
(86, 11, 2, '2019-01-20', '2017-05-31', '2017-05-31', 'pergi', 1, 1, ''),
(87, 11, 2, '2019-01-20', '2017-06-19', '2017-06-19', 'saudara wafat', 1, 1, ''),
(88, 11, 2, '2019-01-20', '2017-07-27', '2017-07-27', 'anak sakit', 1, 1, ''),
(89, 11, 2, '2019-01-20', '2017-08-21', '2017-08-21', 'sakit', 1, 1, ''),
(90, 11, 2, '2019-01-20', '2017-09-20', '2017-09-20', 'mules', 1, 1, ''),
(91, 11, 2, '2019-01-20', '2017-10-04', '2017-10-04', 'banjir', 1, 1, ''),
(92, 11, 2, '2019-01-20', '2017-12-05', '2017-12-05', 'pusing', 1, 1, ''),
(93, 12, 2, '2019-01-20', '2017-12-08', '2017-12-08', 'orang tua sakit', 1, 1, ''),
(94, 12, 2, '2019-01-20', '2017-01-19', '2017-01-19', 'banjir', 1, 1, ''),
(95, 12, 2, '2019-01-20', '2017-02-14', '2017-02-14', 'LIBURAN', 1, 1, ''),
(96, 12, 2, '2019-01-20', '2017-03-17', '2017-03-17', 'acara keluarga', 1, 1, ''),
(97, 12, 2, '2019-01-20', '2017-04-10', '2017-04-10', 'check up ', 1, 1, ''),
(98, 12, 2, '2019-01-20', '2017-05-31', '2017-05-31', 'pindahan rumah', 1, 1, ''),
(99, 12, 2, '2019-01-20', '2017-06-19', '2017-06-19', 'pergi', 1, 1, ''),
(100, 12, 2, '2019-01-20', '2017-07-27', '2017-07-27', 'arisan', 1, 1, ''),
(101, 12, 2, '2019-01-20', '2017-08-21', '2017-08-21', 'keluar kota', 1, 1, ''),
(102, 12, 2, '2019-01-20', '2017-10-04', '2017-10-04', 'pergi', 1, 1, ''),
(103, 13, 2, '2019-01-20', '2017-11-05', '2017-11-05', 'saudara wafat', 1, 1, ''),
(104, 13, 2, '2019-01-20', '2017-02-22', '2017-02-23', 'anak sakit', 1, 1, ''),
(105, 13, 2, '2019-01-20', '2017-06-23', '2017-06-25', 'sakit', 1, 1, ''),
(106, 13, 2, '2019-01-20', '2017-08-01', '2017-08-02', 'mules', 1, 1, ''),
(107, 13, 2, '2019-01-20', '2017-10-25', '2017-10-26', 'banjir', 1, 1, ''),
(108, 13, 2, '2019-01-20', '2017-12-26', '2017-12-27', 'pusing', 1, 1, ''),
(109, 13, 2, '2019-01-20', '2017-01-05', '2017-01-06', 'orang tua sakit', 1, 1, ''),
(110, 13, 2, '2019-01-20', '2017-02-07', '2017-02-08', 'banjir', 1, 1, ''),
(111, 13, 2, '2019-01-20', '2017-03-07', '2017-03-08', 'LIBURAN', 1, 1, ''),
(112, 13, 2, '2019-01-20', '2017-04-20', '2017-04-21', 'acara keluarga', 1, 1, ''),
(113, 13, 2, '2019-01-20', '2017-05-29', '2017-05-30', 'check up ', 1, 1, ''),
(114, 13, 2, '2019-01-20', '2017-06-01', '2017-06-02', 'pindahan rumah', 1, 1, ''),
(115, 14, 2, '2019-01-20', '2017-12-08', '2017-12-08', 'LIBURAN', 1, 1, ''),
(116, 14, 2, '2019-01-20', '2017-01-19', '2017-01-19', 'acara keluarga', 1, 1, ''),
(117, 14, 2, '2019-01-20', '2017-02-14', '2017-02-14', 'check up ', 1, 1, ''),
(118, 14, 2, '2019-01-20', '2017-03-17', '2017-03-17', 'pindahan rumah', 1, 1, ''),
(119, 14, 2, '2019-01-20', '2017-04-10', '2017-04-10', 'pergi', 1, 1, ''),
(120, 14, 2, '2019-01-20', '2017-05-31', '2017-05-31', 'arisan', 1, 1, ''),
(121, 14, 2, '2019-01-20', '2017-06-19', '2017-06-19', 'keluar kota', 1, 1, ''),
(122, 14, 2, '2019-01-20', '2017-07-27', '2017-07-27', 'demam', 1, 1, ''),
(123, 14, 2, '2019-01-20', '2017-08-21', '2017-08-21', 'pergi', 1, 1, ''),
(124, 14, 2, '2019-01-20', '2017-01-19', '2017-01-19', 'saudara wafat', 1, 1, ''),
(125, 14, 2, '2019-01-20', '2017-02-14', '2017-02-14', 'anak sakit', 1, 1, ''),
(126, 15, 2, '2019-01-20', '2017-03-17', '2017-03-17', 'sakit', 1, 1, ''),
(127, 15, 2, '2019-01-20', '2017-04-10', '2017-04-10', 'mules', 1, 1, ''),
(128, 15, 2, '2019-01-20', '2017-05-31', '2017-05-31', 'banjir', 1, 1, ''),
(129, 15, 2, '2019-01-20', '2017-08-21', '2017-08-21', 'pusing', 1, 1, ''),
(130, 15, 2, '2019-01-20', '2017-10-04', '2017-10-04', 'orang tua sakit', 1, 1, ''),
(131, 15, 2, '2019-01-20', '2017-11-05', '2017-11-05', 'banjir', 1, 1, ''),
(132, 15, 2, '2019-01-20', '2017-02-22', '2017-02-23', 'keluar kota', 1, 1, ''),
(133, 15, 2, '2019-01-20', '2017-06-23', '2017-06-25', 'demam', 1, 1, ''),
(134, 16, 2, '2019-01-20', '2017-08-01', '2017-08-02', 'pergi', 1, 1, ''),
(135, 16, 2, '2019-01-20', '2017-10-25', '2017-10-26', 'saudara wafat', 1, 1, ''),
(136, 16, 2, '2019-01-20', '2017-12-26', '2017-12-27', 'anak sakit', 1, 1, ''),
(137, 16, 2, '2019-01-20', '2017-01-05', '2017-01-06', 'banjir', 1, 1, ''),
(138, 16, 2, '2019-01-20', '2017-02-07', '2017-02-08', 'pusing', 1, 1, ''),
(139, 16, 2, '2019-01-20', '2017-03-07', '2017-03-08', 'orang tua sakit', 1, 1, ''),
(140, 16, 2, '2019-01-20', '2017-04-20', '2017-04-21', 'banjir', 1, 1, ''),
(141, 16, 2, '2019-01-20', '2017-05-29', '2017-05-30', 'LIBURAN', 1, 1, ''),
(142, 16, 2, '2019-01-20', '2017-06-01', '2017-06-02', 'acara keluarga', 1, 1, ''),
(143, 16, 2, '2019-01-20', '2017-12-08', '2017-12-08', 'check up ', 1, 1, ''),
(144, 16, 2, '2019-01-20', '2017-01-19', '2017-01-19', 'pindahan rumah', 1, 1, ''),
(145, 17, 2, '2019-01-20', '2017-02-14', '2017-02-14', 'pergi', 1, 1, ''),
(146, 17, 2, '2019-01-20', '2017-03-17', '2017-03-17', 'arisan', 1, 1, ''),
(147, 17, 2, '2019-01-20', '2017-04-10', '2017-04-10', 'keluar kota', 1, 1, ''),
(148, 17, 2, '2019-01-20', '2017-02-14', '2017-02-14', 'pergi', 1, 1, ''),
(149, 17, 2, '2019-01-20', '2017-03-17', '2017-03-17', 'saudara wafat', 1, 1, ''),
(150, 17, 2, '2019-01-20', '2017-04-10', '2017-04-10', 'anak sakit', 1, 1, ''),
(151, 17, 2, '2019-01-20', '2017-05-31', '2017-05-31', 'pergi', 1, 1, ''),
(152, 17, 2, '2019-01-20', '2017-08-21', '2017-08-21', 'saudara wafat', 1, 1, ''),
(153, 17, 2, '2019-01-20', '2017-10-04', '2017-10-04', 'anak sakit', 1, 1, ''),
(154, 17, 2, '2019-01-20', '2017-11-05', '2017-11-05', 'sakit', 1, 1, ''),
(155, 17, 2, '2019-01-20', '2017-02-22', '2017-02-23', 'mules', 1, 1, ''),
(156, 17, 2, '2019-01-20', '2017-06-23', '2017-06-25', 'banjir', 1, 1, ''),
(157, 18, 2, '2019-01-20', '2017-08-01', '2017-08-02', 'pusing', 1, 1, ''),
(158, 18, 2, '2019-01-20', '2017-10-25', '2017-10-26', 'orang tua sakit', 1, 1, ''),
(159, 18, 2, '2019-01-20', '2017-12-26', '2017-12-27', 'banjir', 1, 1, ''),
(160, 18, 2, '2019-01-20', '2017-02-14', '2017-02-14', 'keluar kota', 1, 1, ''),
(161, 18, 2, '2019-01-20', '2017-03-17', '2017-03-17', 'demam', 1, 1, ''),
(162, 18, 2, '2019-01-20', '2017-04-10', '2017-04-10', 'pergi', 1, 1, ''),
(163, 19, 2, '2019-01-20', '2017-08-21', '2017-08-21', 'kakek wafat', 1, 1, ''),
(164, 19, 2, '2019-01-20', '2017-01-19', '2017-01-19', 'arisan', 1, 1, ''),
(165, 19, 2, '2019-01-20', '2017-02-14', '2017-02-14', 'keluar kota', 1, 1, ''),
(166, 19, 2, '2019-01-20', '2017-03-17', '2017-03-17', 'pergi', 1, 1, ''),
(167, 19, 2, '2019-01-20', '2017-04-10', '2017-04-10', 'saudara wafat', 1, 1, ''),
(168, 19, 2, '2019-01-20', '2017-05-31', '2017-05-31', 'anak sakit', 1, 1, ''),
(169, 19, 2, '2019-01-20', '2017-08-21', '2017-08-21', 'pergi', 1, 1, ''),
(170, 19, 2, '2019-01-20', '2017-10-04', '2017-10-04', 'saudara wafat', 1, 1, ''),
(171, 19, 2, '2019-01-20', '2017-11-05', '2017-11-05', 'anak sakit', 1, 1, ''),
(172, 20, 2, '2019-01-20', '2017-04-20', '2017-04-21', 'sakit', 1, 1, ''),
(173, 20, 2, '2019-01-20', '2017-05-29', '2017-05-30', 'mules', 1, 1, ''),
(174, 20, 2, '2019-01-20', '2017-06-01', '2017-06-02', 'banjir', 1, 1, ''),
(175, 20, 2, '2019-01-20', '2017-12-08', '2017-12-08', 'banjir', 1, 1, ''),
(176, 20, 2, '2019-01-20', '2017-01-19', '2017-01-19', 'LIBURAN', 1, 1, ''),
(177, 20, 2, '2019-01-20', '2017-02-14', '2017-02-14', 'acara keluarga', 1, 1, ''),
(178, 20, 2, '2019-01-20', '2017-03-17', '2017-03-17', 'check up ', 1, 1, ''),
(179, 20, 2, '2019-01-20', '2017-04-10', '2017-04-10', 'pindahan rumah', 1, 1, ''),
(180, 20, 2, '2019-01-20', '2017-02-14', '2017-02-14', 'LIBURAN', 1, 1, ''),
(181, 20, 2, '2019-01-20', '2017-03-17', '2017-03-17', 'acara keluarga', 1, 1, ''),
(182, 20, 2, '2019-01-20', '2017-04-10', '2017-04-10', 'check up ', 1, 1, ''),
(183, 20, 2, '2019-01-20', '2017-05-31', '2017-05-31', 'pindahan rumah', 1, 1, ''),
(184, 21, 2, '2019-01-20', '2017-08-21', '2017-08-21', 'pergi', 1, 1, ''),
(185, 21, 2, '2019-01-20', '2017-03-07', '2017-03-08', 'demam', 1, 1, ''),
(186, 21, 2, '2019-01-20', '2017-02-07', '2017-02-08', 'keluar kota', 1, 1, ''),
(188, 21, 2, '2019-01-20', '2017-04-20', '2017-04-21', 'pergi', 1, 1, ''),
(189, 21, 2, '2019-01-20', '2017-05-29', '2017-05-30', 'saudara wafat', 1, 1, ''),
(190, 21, 2, '2019-01-20', '2017-06-01', '2017-06-02', 'anak sakit', 1, 1, ''),
(191, 21, 2, '2019-01-20', '2017-12-08', '2017-12-08', 'sakit', 1, 1, ''),
(192, 21, 2, '2019-01-20', '2017-04-10', '2017-04-10', 'anak sakit', 1, 1, ''),
(193, 22, 2, '2019-01-20', '2017-08-01', '2017-08-02', 'sakit', 1, 1, ''),
(194, 22, 2, '2019-01-20', '2017-10-25', '2017-10-26', 'mules', 1, 1, ''),
(195, 22, 2, '2019-01-20', '2017-12-26', '2017-12-27', 'banjir', 1, 1, ''),
(196, 22, 2, '2019-01-20', '2017-02-14', '2017-02-14', 'pusing', 1, 1, ''),
(197, 22, 2, '2019-01-20', '2017-03-17', '2017-03-17', 'orang tua sakit', 1, 1, ''),
(198, 22, 2, '2019-01-20', '2017-04-10', '2017-04-10', 'banjir', 1, 1, ''),
(199, 22, 2, '2019-01-20', '2017-08-21', '2017-08-21', 'keluar kota', 1, 1, ''),
(200, 22, 2, '2019-01-20', '2017-01-19', '2017-01-19', 'demam', 1, 1, ''),
(201, 22, 2, '2019-01-20', '2017-02-14', '2017-02-14', 'pergi', 1, 1, ''),
(202, 22, 2, '2019-01-20', '2017-03-17', '2017-03-17', 'saudara wafat', 1, 1, ''),
(203, 22, 2, '2019-01-20', '2017-04-10', '2017-04-10', 'anak sakit', 1, 1, ''),
(204, 22, 2, '2019-01-20', '2017-05-31', '2017-05-31', 'banjir', 1, 1, ''),
(205, 23, 2, '2019-01-20', '2017-08-21', '2017-08-21', 'pusing', 1, 1, ''),
(206, 23, 2, '2019-01-20', '2017-06-23', '2017-06-25', 'banjir', 1, 1, ''),
(207, 23, 2, '2019-01-20', '2017-08-01', '2017-08-02', 'pusing', 1, 1, ''),
(208, 23, 2, '2019-01-20', '2017-10-25', '2017-10-26', 'orang tua sakit', 1, 1, ''),
(209, 23, 2, '2019-01-20', '2017-12-26', '2017-12-27', 'banjir', 1, 1, ''),
(210, 23, 2, '2019-01-20', '2017-02-14', '2017-02-14', 'keluar kota', 1, 1, ''),
(211, 23, 2, '2019-01-20', '2017-03-17', '2017-03-17', 'demam', 1, 1, ''),
(212, 23, 2, '2019-01-20', '2017-04-10', '2017-04-10', 'pergi', 1, 1, ''),
(213, 23, 2, '2019-01-20', '2017-08-21', '2017-08-21', 'kakek wafat', 1, 1, ''),
(214, 23, 2, '2019-01-20', '2017-01-19', '2017-01-19', 'arisan', 1, 1, ''),
(215, 23, 2, '2019-01-20', '2017-02-14', '2017-02-14', 'keluar kota', 1, 1, ''),
(216, 3, 2, '2019-01-20', '2018-01-19', '2018-01-19', 'anak sakit', 1, 1, ''),
(217, 3, 2, '2019-01-20', '2018-02-14', '2018-02-14', 'sakit', 1, 1, ''),
(218, 3, 2, '2019-01-20', '2018-03-17', '2018-03-17', 'mules', 1, 1, ''),
(219, 3, 2, '2019-01-20', '2018-04-10', '2018-04-10', 'banjir', 1, 1, ''),
(220, 3, 2, '2019-01-20', '2018-05-31', '2018-05-31', 'pusing', 1, 1, ''),
(221, 3, 2, '2019-01-20', '2018-06-19', '2018-06-19', 'nenek sakit', 1, 1, ''),
(222, 3, 2, '2019-01-20', '2018-07-27', '2018-07-27', 'banjir', 1, 1, ''),
(223, 3, 2, '2019-01-20', '2018-08-21', '2018-08-21', 'keluar kota', 1, 1, ''),
(224, 3, 2, '2019-01-20', '2018-09-20', '2018-09-20', 'demam', 1, 1, ''),
(225, 3, 2, '2019-01-20', '2018-10-04', '2018-10-04', 'pergi', 1, 1, ''),
(226, 3, 2, '2019-01-20', '2018-12-05', '2018-12-05', 'saudara wafat', 1, 1, ''),
(227, 3, 2, '2019-01-20', '2018-11-29', '2018-11-29', 'anak sakit', 1, 1, ''),
(228, 4, 2, '2019-01-20', '2018-01-19', '2018-01-19', 'banjir', 1, 1, ''),
(229, 4, 2, '2019-01-20', '2018-02-14', '2018-02-14', 'pusing', 1, 1, ''),
(230, 4, 2, '2019-01-20', '2018-03-17', '2018-03-17', 'pusing', 1, 1, ''),
(231, 4, 2, '2019-01-20', '2018-04-10', '2018-04-10', 'orang tua sakit', 1, 1, ''),
(232, 4, 2, '2019-01-20', '2018-05-31', '2018-05-31', 'banjir', 1, 1, ''),
(233, 4, 2, '2019-01-20', '2018-06-19', '2018-06-19', 'keluar kota', 1, 1, ''),
(234, 4, 2, '2019-01-20', '2018-07-27', '2018-07-27', 'demam', 1, 1, ''),
(235, 4, 2, '2019-01-20', '2018-08-21', '2018-08-21', 'pergi', 1, 1, ''),
(236, 4, 2, '2019-01-20', '2018-09-20', '2018-09-20', 'saudara wafat', 1, 1, ''),
(237, 4, 2, '2019-01-20', '2018-10-04', '2018-10-04', 'anak sakit', 1, 1, ''),
(238, 4, 2, '2019-01-20', '2018-11-05', '2018-11-05', 'banjir', 1, 1, ''),
(239, 4, 2, '2019-01-20', '2018-12-05', '2018-12-05', 'pusing', 1, 1, ''),
(240, 5, 2, '2019-01-20', '2018-01-04', '2018-01-04', 'banjir', 1, 1, ''),
(241, 5, 2, '2019-01-20', '2018-02-16', '2018-02-16', 'pusing', 1, 1, ''),
(242, 5, 2, '2019-01-20', '2018-03-17', '2018-03-17', 'orang tua sakit', 1, 1, ''),
(243, 5, 2, '2019-01-20', '2018-04-03', '2018-04-03', 'banjir', 1, 1, ''),
(244, 5, 2, '2019-01-20', '2018-05-04', '2018-05-04', 'demam', 1, 1, ''),
(245, 5, 2, '2019-01-20', '2018-06-02', '2018-06-02', 'pergi', 1, 1, ''),
(246, 5, 2, '2019-01-20', '2018-07-27', '2018-07-27', 'kakek wafat', 1, 1, ''),
(247, 5, 2, '2019-01-20', '2018-08-11', '2018-08-11', 'arisan', 1, 1, ''),
(248, 5, 2, '2019-01-20', '2018-10-09', '2018-10-09', 'keluar kota', 1, 1, ''),
(249, 6, 2, '2019-01-20', '2018-05-31', '2018-05-31', 'banjir', 1, 1, ''),
(250, 6, 2, '2019-01-20', '2018-06-19', '2018-06-19', 'pusing', 1, 1, ''),
(251, 6, 2, '2019-01-20', '2018-07-27', '2018-07-27', 'orang tua sakit', 1, 1, ''),
(252, 6, 2, '2019-01-20', '2018-08-21', '2018-08-21', 'banjir', 1, 1, ''),
(253, 6, 2, '2019-01-20', '2018-01-19', '2018-01-19', 'keluar kota', 1, 1, ''),
(254, 6, 2, '2019-01-20', '2018-02-14', '2018-02-14', 'demam', 1, 1, ''),
(255, 6, 2, '2019-01-20', '2018-03-17', '2018-03-17', 'pergi', 1, 1, ''),
(256, 6, 2, '2019-01-20', '2018-04-10', '2018-04-10', 'saudara wafat', 1, 1, ''),
(257, 6, 2, '2019-01-20', '2018-05-31', '2018-05-31', 'anak sakit', 1, 1, ''),
(258, 6, 2, '2019-01-20', '2018-08-21', '2018-08-21', 'banjir', 1, 1, ''),
(259, 6, 2, '2019-01-20', '2018-10-04', '2018-10-04', 'pusing', 1, 1, ''),
(260, 7, 2, '2019-01-20', '2018-11-05', '2018-11-05', 'orang tua sakit', 1, 1, ''),
(261, 7, 2, '2019-01-20', '2018-01-11', '2018-01-11', 'banjir', 1, 1, ''),
(262, 7, 2, '2019-01-20', '2018-01-19', '2018-01-19', 'LIBURAN', 1, 1, ''),
(263, 7, 2, '2019-01-20', '2018-02-14', '2018-02-14', 'acara keluarga', 1, 1, ''),
(264, 7, 2, '2019-01-20', '2018-03-17', '2018-03-17', 'check up ', 1, 1, ''),
(265, 7, 2, '2019-01-20', '2018-04-10', '2018-04-10', 'pindahan rumah', 1, 1, ''),
(266, 7, 2, '2019-01-20', '2018-05-31', '2018-05-31', 'pusing', 1, 1, ''),
(267, 7, 2, '2019-01-20', '2018-06-19', '2018-06-19', 'orang tua sakit', 1, 1, ''),
(268, 7, 2, '2019-01-20', '2018-07-27', '2018-07-27', 'banjir', 1, 1, ''),
(269, 7, 2, '2019-01-20', '2018-08-21', '2018-08-21', 'acara keluarga', 1, 1, ''),
(270, 8, 2, '2019-01-20', '2018-09-20', '2018-09-20', 'check up ', 1, 1, ''),
(271, 8, 2, '2019-01-20', '2018-01-19', '2018-01-19', 'pindahan rumah', 1, 1, ''),
(272, 8, 2, '2019-01-20', '2018-02-14', '2018-02-14', 'pergi', 1, 1, ''),
(273, 8, 2, '2019-01-20', '2018-03-17', '2018-03-17', 'arisan', 1, 1, ''),
(274, 8, 2, '2019-01-20', '2018-04-10', '2018-04-10', 'keluar kota', 1, 1, ''),
(275, 8, 2, '2019-01-20', '2018-05-31', '2018-05-31', 'demam', 1, 1, ''),
(276, 8, 2, '2019-01-20', '2018-06-19', '2018-06-19', 'pergi', 1, 1, ''),
(277, 9, 2, '2019-01-20', '2018-07-27', '2018-07-27', 'saudara wafat', 1, 1, ''),
(278, 9, 2, '2019-01-20', '2018-08-21', '2018-08-21', 'anak sakit', 1, 1, ''),
(279, 9, 2, '2019-01-20', '2018-09-20', '2018-09-20', 'sakit', 1, 1, ''),
(280, 9, 2, '2019-01-20', '2018-10-04', '2018-10-04', 'anak sakit', 1, 1, ''),
(281, 9, 2, '2019-01-20', '2018-11-05', '2018-11-05', 'sakit', 1, 1, ''),
(282, 9, 2, '2019-01-20', '2018-12-05', '2018-12-05', 'mules', 1, 1, ''),
(283, 9, 2, '2019-01-20', '2018-01-04', '2018-01-04', 'banjir', 1, 1, ''),
(284, 9, 2, '2019-01-20', '2018-02-16', '2018-02-16', 'pusing', 1, 1, ''),
(285, 9, 2, '2019-01-20', '2018-03-17', '2018-03-17', 'orang tua sakit', 1, 1, ''),
(286, 10, 2, '2019-01-20', '2018-04-03', '2018-04-03', 'banjir', 1, 1, ''),
(287, 10, 2, '2019-01-20', '2018-05-04', '2018-05-04', 'keluar kota', 1, 1, ''),
(288, 10, 2, '2019-01-20', '2018-06-02', '2018-06-02', 'demam', 1, 1, ''),
(289, 10, 2, '2019-01-20', '2018-07-27', '2018-07-27', 'pergi', 1, 1, ''),
(290, 10, 2, '2019-01-20', '2018-08-11', '2018-08-11', 'saudara wafat', 1, 1, ''),
(291, 10, 2, '2019-01-20', '2018-10-09', '2018-10-09', 'anak sakit', 1, 1, ''),
(292, 10, 2, '2019-01-20', '2018-05-31', '2018-05-31', 'banjir', 1, 1, ''),
(293, 10, 2, '2019-01-20', '2018-06-19', '2018-06-19', 'pusing', 1, 1, ''),
(294, 10, 2, '2019-01-20', '2018-07-27', '2018-07-27', 'banjir', 1, 1, ''),
(295, 10, 2, '2019-01-20', '2018-08-21', '2018-08-21', 'pusing', 1, 1, ''),
(296, 10, 2, '2019-01-20', '2018-01-19', '2018-01-19', 'orang tua sakit', 1, 1, ''),
(297, 10, 2, '2019-01-20', '2018-02-14', '2018-02-14', 'banjir', 1, 1, ''),
(298, 11, 2, '2019-01-20', '2018-03-17', '2018-03-17', 'keluar kota', 1, 1, ''),
(299, 11, 2, '2019-01-20', '2018-04-10', '2018-04-10', 'demam', 1, 1, ''),
(300, 11, 2, '2019-01-20', '2018-05-31', '2018-05-31', 'pergi', 1, 1, ''),
(301, 11, 2, '2019-01-20', '2018-08-21', '2018-08-21', 'kakek wafat', 1, 1, ''),
(302, 11, 2, '2019-01-20', '2018-10-04', '2018-10-04', 'arisan', 1, 1, ''),
(303, 11, 2, '2019-01-20', '2018-11-05', '2018-11-05', 'keluar kota', 1, 1, ''),
(304, 11, 2, '2019-01-20', '2018-01-11', '2018-01-11', 'anak sakit', 1, 1, ''),
(305, 11, 2, '2019-01-20', '2018-01-19', '2018-01-19', 'sakit', 1, 1, ''),
(306, 11, 2, '2019-01-20', '2018-02-14', '2018-02-14', 'mules', 1, 1, ''),
(307, 12, 2, '2019-01-20', '2018-03-17', '2018-03-17', 'banjir', 1, 1, ''),
(308, 12, 2, '2019-01-20', '2018-04-10', '2018-04-10', 'LIBURAN', 1, 1, ''),
(309, 12, 2, '2019-01-20', '2018-05-31', '2018-05-31', 'acara keluarga', 1, 1, ''),
(310, 12, 2, '2019-01-20', '2018-06-19', '2018-06-19', 'check up ', 1, 1, ''),
(311, 12, 2, '2019-01-20', '2018-07-27', '2018-07-27', 'pindahan rumah', 1, 1, ''),
(312, 13, 2, '2019-01-20', '2018-08-21', '2018-08-21', 'pergi', 1, 1, ''),
(313, 13, 2, '2019-01-20', '2018-09-20', '2018-09-20', 'arisan', 1, 1, ''),
(314, 13, 2, '2019-01-20', '2018-01-19', '2018-01-19', 'keluar kota', 1, 1, ''),
(315, 13, 2, '2019-01-20', '2018-02-14', '2018-02-14', 'pergi', 1, 1, ''),
(316, 13, 2, '2019-01-20', '2018-03-17', '2018-03-17', 'saudara wafat', 1, 1, ''),
(317, 13, 2, '2019-01-20', '2018-04-10', '2018-04-10', 'anak sakit', 1, 1, ''),
(318, 14, 2, '2019-01-20', '2018-05-31', '2018-05-31', 'pergi', 1, 1, ''),
(319, 14, 2, '2019-01-20', '2018-08-21', '2018-08-21', 'saudara wafat', 1, 1, ''),
(320, 14, 2, '2019-01-20', '2018-10-04', '2018-10-04', 'anak sakit', 1, 1, ''),
(321, 14, 2, '2019-01-20', '2018-11-05', '2018-11-05', 'sakit', 1, 1, ''),
(322, 14, 2, '2019-01-20', '2018-01-11', '2018-01-11', 'mules', 1, 1, ''),
(323, 14, 2, '2019-01-20', '2018-01-19', '2018-01-19', 'banjir', 1, 1, ''),
(324, 14, 2, '2019-01-20', '2018-02-14', '2018-02-14', 'pusing', 1, 1, ''),
(325, 14, 2, '2019-01-20', '2018-03-17', '2018-03-17', 'orang tua sakit', 1, 1, ''),
(326, 15, 2, '2019-01-20', '2018-04-10', '2018-04-10', 'banjir', 1, 1, ''),
(327, 15, 2, '2019-01-20', '2018-05-31', '2018-05-31', 'keluar kota', 1, 1, ''),
(328, 15, 2, '2019-01-20', '2018-06-19', '2018-06-19', 'demam', 1, 1, ''),
(329, 15, 2, '2019-01-20', '2018-07-27', '2018-07-27', 'pergi', 1, 1, ''),
(330, 15, 2, '2019-01-20', '2018-08-21', '2018-08-21', 'kakek wafat', 1, 1, ''),
(331, 15, 2, '2019-01-20', '2018-09-20', '2018-09-20', 'arisan', 1, 1, ''),
(332, 15, 2, '2019-01-20', '2018-01-19', '2018-01-19', 'keluar kota', 1, 1, ''),
(333, 15, 2, '2019-01-20', '2018-02-14', '2018-02-14', 'pergi', 1, 1, ''),
(334, 15, 2, '2019-01-20', '2018-03-17', '2018-03-17', 'saudara wafat', 1, 1, ''),
(335, 15, 2, '2019-01-20', '2018-04-10', '2018-04-10', 'anak sakit', 1, 1, ''),
(336, 15, 2, '2019-01-20', '2018-05-31', '2018-05-31', 'pergi', 1, 1, ''),
(337, 16, 2, '2019-01-20', '2018-06-19', '2018-06-19', 'saudara wafat', 1, 1, ''),
(338, 16, 2, '2019-01-20', '2018-07-27', '2018-07-27', 'anak sakit', 1, 1, ''),
(339, 16, 2, '2019-01-20', '2018-08-21', '2018-08-21', 'LIBURAN', 1, 1, ''),
(340, 16, 2, '2019-01-20', '2018-09-20', '2018-09-20', 'acara keluarga', 1, 1, ''),
(341, 16, 2, '2019-01-20', '2018-10-04', '2018-10-04', 'check up ', 1, 1, ''),
(342, 16, 2, '2019-01-20', '2018-11-05', '2018-11-05', 'pindahan rumah', 1, 1, ''),
(343, 16, 2, '2019-01-20', '2018-12-05', '2018-12-05', 'pergi', 1, 1, ''),
(344, 16, 2, '2019-01-20', '2018-01-04', '2018-01-04', 'arisan', 1, 1, ''),
(345, 16, 2, '2019-01-20', '2018-02-16', '2018-02-16', 'keluar kota', 1, 1, ''),
(346, 16, 2, '2019-01-20', '2018-03-17', '2018-03-17', 'pergi', 1, 1, ''),
(347, 16, 2, '2019-01-20', '2018-04-03', '2018-04-03', 'saudara wafat', 1, 1, ''),
(348, 16, 2, '2019-01-20', '2018-05-04', '2018-05-04', 'anak sakit', 1, 1, ''),
(349, 17, 2, '2019-01-20', '2018-06-02', '2018-06-02', 'pergi', 1, 1, ''),
(350, 17, 2, '2019-01-20', '2018-07-27', '2018-07-27', 'saudara wafat', 1, 1, ''),
(351, 17, 2, '2019-01-20', '2018-08-11', '2018-08-11', 'anak sakit', 1, 1, ''),
(352, 17, 2, '2019-01-20', '2018-10-09', '2018-10-09', 'sakit', 1, 1, ''),
(353, 17, 2, '2019-01-20', '2018-05-31', '2018-05-31', 'mules', 1, 1, ''),
(354, 18, 2, '2019-01-20', '2018-06-19', '2018-06-19', 'banjir', 1, 1, ''),
(355, 18, 2, '2019-01-20', '2018-07-27', '2018-07-27', 'pusing', 1, 1, ''),
(356, 18, 2, '2019-01-20', '2018-08-21', '2018-08-21', 'orang tua sakit', 1, 1, ''),
(357, 18, 2, '2019-01-20', '2018-01-19', '2018-01-19', 'banjir', 1, 1, ''),
(358, 18, 2, '2019-01-20', '2018-02-14', '2018-02-14', 'keluar kota', 1, 1, ''),
(359, 18, 2, '2019-01-20', '2018-03-17', '2018-03-17', 'demam', 1, 1, ''),
(360, 18, 2, '2019-01-20', '2018-04-10', '2018-04-10', 'pergi', 1, 1, ''),
(361, 18, 2, '2019-01-20', '2018-05-31', '2018-05-31', 'kakek wafat', 1, 1, ''),
(362, 18, 2, '2019-01-20', '2018-08-21', '2018-08-21', 'arisan', 1, 1, ''),
(363, 18, 2, '2019-01-20', '2018-10-04', '2018-10-04', 'keluar kota', 1, 1, ''),
(364, 18, 2, '2019-01-20', '2018-11-05', '2018-11-05', 'pergi', 1, 1, ''),
(365, 18, 2, '2019-01-20', '2018-01-11', '2018-01-11', 'saudara wafat', 1, 1, ''),
(366, 19, 2, '2019-01-20', '2018-01-19', '2018-01-19', 'anak sakit', 1, 1, ''),
(367, 19, 2, '2019-01-20', '2018-02-14', '2018-02-14', 'pergi', 1, 1, ''),
(368, 19, 2, '2019-01-20', '2018-03-17', '2018-03-17', 'saudara wafat', 1, 1, ''),
(369, 19, 2, '2019-01-20', '2018-04-10', '2018-04-10', 'anak sakit', 1, 1, ''),
(370, 19, 2, '2019-01-20', '2018-05-31', '2018-05-31', 'LIBURAN', 1, 1, ''),
(371, 19, 2, '2019-01-20', '2018-06-19', '2018-06-19', 'acara keluarga', 1, 1, ''),
(372, 19, 2, '2019-01-20', '2018-07-27', '2018-07-27', 'check up ', 1, 1, ''),
(373, 19, 2, '2019-01-20', '2018-08-21', '2018-08-21', 'pindahan rumah', 1, 1, ''),
(374, 19, 2, '2019-01-20', '2018-09-20', '2018-09-20', 'pergi', 1, 1, ''),
(375, 20, 2, '2019-01-20', '2018-01-19', '2018-01-19', 'arisan', 1, 1, ''),
(376, 20, 2, '2019-01-20', '2018-02-14', '2018-02-14', 'keluar kota', 1, 1, ''),
(377, 20, 2, '2019-01-20', '2018-03-17', '2018-03-17', 'pergi', 1, 1, ''),
(378, 20, 2, '2019-01-20', '2018-04-10', '2018-04-10', 'saudara wafat', 1, 1, ''),
(379, 20, 2, '2019-01-20', '2018-05-31', '2018-05-31', 'anak sakit', 1, 1, ''),
(380, 20, 2, '2019-01-20', '2018-08-21', '2018-08-21', 'pergi', 1, 1, ''),
(381, 20, 2, '2019-01-20', '2018-10-04', '2018-10-04', 'saudara wafat', 1, 1, ''),
(382, 20, 2, '2019-01-20', '2018-11-05', '2018-11-05', 'anak sakit', 1, 1, ''),
(383, 20, 2, '2019-01-20', '2018-01-11', '2018-01-11', 'sakit', 1, 1, ''),
(384, 20, 2, '2019-01-20', '2018-01-19', '2018-01-19', 'mules', 1, 1, ''),
(385, 20, 2, '2019-01-20', '2018-02-14', '2018-02-14', 'banjir', 1, 1, ''),
(386, 20, 2, '2019-01-20', '2018-03-17', '2018-03-17', 'pusing', 1, 1, ''),
(387, 21, 2, '2019-01-20', '2018-04-10', '2018-04-10', 'orang tua sakit', 1, 1, ''),
(388, 21, 2, '2019-01-20', '2018-05-31', '2018-05-31', 'banjir', 1, 1, ''),
(389, 21, 2, '2019-01-20', '2018-06-19', '2018-06-19', 'keluar kota', 1, 1, ''),
(390, 21, 2, '2019-01-20', '2018-07-27', '2018-07-27', 'demam', 1, 1, ''),
(391, 21, 2, '2019-01-20', '2018-08-21', '2018-08-21', 'pergi', 1, 1, ''),
(392, 21, 2, '2019-01-20', '2018-09-20', '2018-09-20', 'kakek wafat', 1, 1, ''),
(393, 21, 2, '2019-01-20', '2018-01-19', '2018-01-19', 'arisan', 1, 1, ''),
(394, 21, 2, '2019-01-20', '2018-02-14', '2018-02-14', 'keluar kota', 1, 1, ''),
(395, 21, 2, '2019-01-20', '2018-03-17', '2018-03-17', 'pergi', 1, 1, ''),
(396, 21, 2, '2019-01-20', '2018-04-10', '2018-04-10', 'saudara wafat', 1, 1, ''),
(397, 22, 2, '2019-01-20', '2018-05-31', '2018-05-31', 'anak sakit', 1, 1, ''),
(398, 22, 2, '2019-01-20', '2018-06-19', '2018-06-19', 'pergi', 1, 1, ''),
(399, 22, 2, '2019-01-20', '2018-07-27', '2018-07-27', 'saudara wafat', 1, 1, ''),
(400, 22, 2, '2019-01-20', '2018-08-21', '2018-08-21', 'anak sakit', 1, 1, ''),
(401, 22, 2, '2019-01-20', '2018-09-20', '2018-09-20', 'LIBURAN', 1, 1, ''),
(402, 22, 2, '2019-01-20', '2018-10-04', '2018-10-04', 'acara keluarga', 1, 1, ''),
(403, 22, 2, '2019-01-20', '2018-11-05', '2018-11-05', 'check up ', 1, 1, ''),
(404, 22, 2, '2019-01-20', '2018-12-05', '2018-12-05', 'pindahan rumah', 1, 1, ''),
(405, 22, 2, '2019-01-20', '2018-01-04', '2018-01-04', 'pergi', 1, 1, ''),
(406, 22, 2, '2019-01-20', '2018-02-16', '2018-02-16', 'arisan', 1, 1, ''),
(407, 22, 2, '2019-01-20', '2018-03-17', '2018-03-17', 'keluar kota', 1, 1, ''),
(408, 22, 2, '2019-01-20', '2018-04-03', '2018-04-03', 'pergi', 1, 1, ''),
(409, 23, 2, '2019-01-20', '2018-05-04', '2018-05-04', 'saudara wafat', 1, 1, ''),
(410, 23, 2, '2019-01-20', '2018-06-02', '2018-06-02', 'anak sakit', 1, 1, ''),
(411, 23, 2, '2019-01-20', '2018-07-27', '2018-07-27', 'pergi', 1, 1, ''),
(412, 23, 2, '2019-01-20', '2018-08-11', '2018-08-11', 'saudara wafat', 1, 1, ''),
(413, 23, 2, '2019-01-20', '2018-10-09', '2018-10-09', 'anak sakit', 1, 1, ''),
(414, 23, 2, '2019-01-20', '2018-05-31', '2018-05-31', 'sakit', 1, 1, ''),
(415, 23, 2, '2019-01-20', '2018-06-19', '2018-06-19', 'mules', 1, 1, ''),
(416, 23, 2, '2019-01-20', '2018-07-27', '2018-07-27', 'banjir', 1, 1, ''),
(417, 23, 2, '2019-01-20', '2018-08-21', '2018-08-21', 'pusing', 1, 1, ''),
(418, 23, 2, '2019-01-20', '2018-01-19', '2018-01-19', 'orang tua sakit', 1, 1, ''),
(419, 23, 2, '2019-01-20', '2018-02-14', '2018-02-14', 'banjir', 1, 1, ''),
(420, 23, 2, '2019-01-20', '2018-03-17', '2018-03-17', 'keluar kota', 1, 1, '');

-- --------------------------------------------------------

--
-- Table structure for table `ct_divisi`
--

CREATE TABLE `ct_divisi` (
  `kd_divisi` int(11) NOT NULL,
  `nama_divisi` varchar(50) NOT NULL
) ENGINE=InnoDB DEFAULT CHARSET=latin1;

--
-- Dumping data for table `ct_divisi`
--

INSERT INTO `ct_divisi` (`kd_divisi`, `nama_divisi`) VALUES
(1, 'Direktur'),
(2, 'Mutu'),
(3, 'Administrasi'),
(4, 'Keuangan'),
(5, 'Penunjang'),
(6, 'SDM (Kepegawaian)'),
(7, 'Diklat');

-- --------------------------------------------------------

--
-- Table structure for table `ct_golongan_usia`
--

CREATE TABLE `ct_golongan_usia` (
  `id_golongan` int(11) NOT NULL,
  `nama_golongan` varchar(30) NOT NULL,
  `minimum_usia` int(11) NOT NULL,
  `maksimum_usia` int(11) NOT NULL
) ENGINE=InnoDB DEFAULT CHARSET=utf8;

--
-- Dumping data for table `ct_golongan_usia`
--

INSERT INTO `ct_golongan_usia` (`id_golongan`, `nama_golongan`, `minimum_usia`, `maksimum_usia`) VALUES
(2, 'Golongan 1', 20, 24),
(3, 'Golongan 2', 25, 38),
(4, 'Golongan 3', 39, 100);

-- --------------------------------------------------------

--
-- Table structure for table `ct_jabatan`
--

CREATE TABLE `ct_jabatan` (
  `kd_jabatan` int(11) NOT NULL,
  `nama_jabatan` varchar(50) NOT NULL
) ENGINE=InnoDB DEFAULT CHARSET=latin1;

--
-- Dumping data for table `ct_jabatan`
--

INSERT INTO `ct_jabatan` (`kd_jabatan`, `nama_jabatan`) VALUES
(1, 'Direktur Utama'),
(2, 'Direktur Operasional'),
(3, 'Kepala Divisi Mutu'),
(4, 'Staff Pengendali Mutu'),
(5, 'Kepala Divisi Administrasi'),
(6, 'Staff Administrasi'),
(7, 'Kepala Divisi Keuangan'),
(8, 'Staff Keuangan'),
(9, 'Kepala Divisi Penunjang'),
(10, 'Logistik (Staff Penunjang)'),
(11, 'Office Boy (Staff Penunjang)'),
(12, 'Kepala SDM'),
(13, 'Kepala Divisi Diklat'),
(14, 'Instruktur (Staff Diklat)');

-- --------------------------------------------------------

--
-- Table structure for table `ct_jenis_cuti`
--

CREATE TABLE `ct_jenis_cuti` (
  `id_jenis_cuti` int(11) NOT NULL,
  `nama_jenis` varchar(80) NOT NULL
) ENGINE=InnoDB DEFAULT CHARSET=latin1;

--
-- Dumping data for table `ct_jenis_cuti`
--

INSERT INTO `ct_jenis_cuti` (`id_jenis_cuti`, `nama_jenis`) VALUES
(2, 'Cuti Tahunan');

-- --------------------------------------------------------

--
-- Table structure for table `ct_karyawan`
--

CREATE TABLE `ct_karyawan` (
  `id_karyawan` int(11) NOT NULL,
  `nik` int(11) NOT NULL,
  `nama_karyawan` varchar(50) NOT NULL,
  `tempat_lahir` varchar(50) NOT NULL,
  `tanggal_lahir` date NOT NULL,
  `jenis_kelamin` tinyint(4) NOT NULL DEFAULT '0',
  `status_kawin` tinyint(4) NOT NULL DEFAULT '0',
  `alamat` text NOT NULL,
  `nomor_tlp` varchar(20) NOT NULL,
  `agama` tinyint(4) NOT NULL DEFAULT '0',
  `kd_divisi` int(11) NOT NULL,
  `kd_jabatan` int(11) NOT NULL,
  `id_user` int(11) NOT NULL
) ENGINE=InnoDB DEFAULT CHARSET=latin1;

--
-- Dumping data for table `ct_karyawan`
--

INSERT INTO `ct_karyawan` (`id_karyawan`, `nik`, `nama_karyawan`, `tempat_lahir`, `tanggal_lahir`, `jenis_kelamin`, `status_kawin`, `alamat`, `nomor_tlp`, `agama`, `kd_divisi`, `kd_jabatan`, `id_user`) VALUES
(1, 100001, 'H.T Sartono, CRNA', 'Jakarta', '1977-08-06', 1, 1, 'Jl. KH Agus Salim 16, Sabang, Menteng Jakarta Pusat', '8193382199', 1, 1, 1, 4),
(2, 100002, 'Masudik, EMT-P, M. Kes.', 'Bekasi', '1975-02-01', 1, 1, 'Jl. Raya Narogong KM 12 Pangkalan II Cikiwul, Bantar Gebang, Bekasi', '8227389199', 1, 1, 2, 5),
(3, 100003, 'Supriyatno, S.Kep.', 'Grobogan', '1985-05-15', 1, 1, 'Jl. KH Asnawi, Desa Sukajaya, Kecamatan Cibitung,Kabupaten Bekasi', '8992738911', 1, 2, 3, 6),
(4, 100004, 'Ns.Endah S P., S.Kep.', 'Pacitan', '1973-05-17', 2, 1, 'Jl. Raya Narogong KM 27 No. 75 Kecamatan Klapanunggal, Cileungsi, Bogor', '87872648281', 1, 2, 4, 7),
(5, 100005, 'Ns. Heti Widiastuti, S.Kep.', 'Bekasi', '1976-09-09', 2, 1, 'Jl. Kelapa Sawit Raya No. 28 Utan Kayu Selatan Matraman Jakarta Timur', '81736628391', 1, 2, 4, 8),
(6, 100006, 'Ns. Dinar Kusdinar, S.Kep.', 'Jakarta', '1992-07-18', 1, 2, 'Jl. Pangeran tubagus Angke Blok D9A No.2 Jakarta Barat', '82371839771', 1, 3, 5, 9),
(7, 100007, 'Tiara Ramadayanti', 'Aceh', '1998-01-27', 2, 2, 'Villa Mutiara Gading 3 Blok G14 No.7 RT.01/019 Kebalen, Bekasi', '82297399710', 1, 3, 6, 10),
(8, 100008, 'Rahmat Al Hafizh', 'Jakarta', '1985-01-06', 1, 1, 'Jl. Kebon Jeruk Raya No. 44 Jakarta Barat', '85628351839', 1, 3, 6, 11),
(9, 100009, 'Susilawati, S.Tr.Keb.', 'Solo', '1981-12-21', 2, 1, 'Jl. Kramat Sentiong No. 53 Jakarta Pusat', '82136829103', 1, 3, 6, 12),
(10, 100010, 'Imas Masriah', 'Bekasi', '1997-10-06', 2, 2, 'Jl. Raya Pondok Ungu Permai Blok B1 No. 31, Bekasi', '87762840972', 1, 4, 7, 13),
(11, 100011, 'Desie Arismawati, Amd.', 'Bukit Tinggi', '1990-02-10', 2, 2, 'Kebun nanas utara rt.005 Rw.07 No.15 Jakarta Timur', '81929008762', 1, 4, 8, 14),
(12, 100012, 'Nur Khalimah', 'Jakarta', '1981-03-12', 2, 1, 'Jl. Sriwijaya No.15 Bekasi Barat', '81273909283', 1, 5, 9, 15),
(13, 100013, 'Caming', 'Purworejo', '1987-11-20', 1, 2, 'Perum Pondok Surya Mandala, Jalan Surya Abadi Blok P No.07, Jaka Mulya, Bekasi Selatan', '87872730012', 3, 5, 10, 16),
(14, 100014, 'Mulyadi', 'Bekasi', '1983-06-05', 1, 1, 'Jl. Raya Hankam Pondok Gede Sumir No. 260 A Kelurahan Jatiwarna Kecamatan Pondok Melati Kota Bekasi', '81367394781', 1, 5, 11, 17),
(15, 100015, 'Siska Kusuma Dewi, S.H.', 'Jakarta', '1991-01-28', 2, 2, 'Jl M Malik Ibrahim Komplek Pondok Gede Permai Bl A-9/2 RT 004/10 Bekasi', '89928399292', 1, 6, 12, 18),
(16, 100016, 'Ns. Irawan, S.Kep.', 'Kebumen', '1978-11-19', 1, 1, 'Komplek Pondok Timur Indah II Bl C/129-A Bekasi', '87738484728', 1, 7, 13, 19),
(17, 100017, 'Ns. Dedi Akhmad, S.Kep.', 'Jakarta', '1975-04-22', 1, 1, 'Kp. Jagawana. Ds. Sukarukun RT.006/005. Kec . Sukatani - Bekasi', '89499284920', 1, 7, 14, 20),
(18, 100018, 'Oktavianto, Amd, Kep.', 'Bekasi', '1989-09-29', 1, 2, 'Jl. Wijaya kusuma RT/RW : 004/015 No. 49 Jaka Sampurna', '87734573923', 1, 7, 14, 21),
(19, 100019, 'Fajar Adi Wicaksono, S.Kep.', 'Gresik', '1977-06-24', 1, 1, 'Jl Gabus I Perumnas II 7 RT 001/07 Bekasi', '81274773920', 1, 7, 14, 22),
(20, 100020, 'Ari Dian Prayoga, S.Kep.', 'Jakarta', '1988-05-07', 1, 2, 'Cluster Frambosa F35 Vida Bekasi Cluster Frambosa, Bekasi Timur, Bekasi, Jawa Barat', '85738748274', 1, 7, 14, 23),
(21, 100021, 'Wibowo, S.Kep.', 'Jakarta', '1986-12-11', 1, 2, 'Jl. Raya Mangun Jaya 1 No.28, RT.1/RW.2, Mangunjaya, Tambun Selatan, Kota Bekasi, Jawa Barat', '81973849773', 1, 7, 14, 24),
(22, 100022, 'Waluyo, AMK', 'Jakarta', '1992-08-03', 1, 2, 'Jl. Bunga Rampai X/1/24 RT.012/006 Perumnas Kelender, Jakarta Timur', '81873684621', 1, 7, 14, 25),
(23, 100023, 'Muhaji, M.Si, M.Tr.Kep.', 'Bekasi', '1982-06-25', 1, 2, ' Jl. Bintara Raya, No. 55 C, Kranji, Bintara, Bekasi Barat, Kota Bekasi, Jawa Barat', '81287489002', 1, 7, 14, 14);

-- --------------------------------------------------------

--
-- Table structure for table `ct_status_kawin`
--

CREATE TABLE `ct_status_kawin` (
  `id_status` int(11) NOT NULL,
  `status` varchar(30) NOT NULL
) ENGINE=InnoDB DEFAULT CHARSET=latin1;

--
-- Dumping data for table `ct_status_kawin`
--

INSERT INTO `ct_status_kawin` (`id_status`, `status`) VALUES
(1, 'Married'),
(2, 'Single');

-- --------------------------------------------------------

--
-- Table structure for table `ct_usia`
--

CREATE TABLE `ct_usia` (
  `id_usia` int(11) NOT NULL,
  `id_karyawan` int(11) NOT NULL,
  `golongan_usia` varchar(80) NOT NULL
) ENGINE=InnoDB DEFAULT CHARSET=latin1;

--
-- Dumping data for table `ct_usia`
--

INSERT INTO `ct_usia` (`id_usia`, `id_karyawan`, `golongan_usia`) VALUES
(1, 1, 'Golongan III'),
(2, 2, 'Golongan III'),
(3, 3, 'Golongan II'),
(4, 4, 'Golongan III'),
(5, 5, 'Golongan III'),
(6, 6, 'Golongan II'),
(7, 7, 'Golongan I'),
(8, 8, 'Golongan II'),
(9, 9, 'Golongan II'),
(10, 10, 'Golongan I'),
(11, 11, 'Golongan II'),
(12, 12, 'Golongan II'),
(13, 13, 'Golongan II'),
(14, 14, 'Golongan II'),
(15, 15, 'Golongan II'),
(16, 16, 'Golongan III'),
(17, 17, 'Golongan III'),
(18, 18, 'Golongan II'),
(19, 19, 'Golongan III'),
(20, 20, 'Golongan II'),
(21, 21, 'Golongan II'),
(22, 22, 'Golongan II'),
(23, 23, 'Golongan II');

-- --------------------------------------------------------

--
-- Table structure for table `mnj_image`
--

CREATE TABLE `mnj_image` (
  `id_image` int(11) NOT NULL,
  `id_user` int(11) NOT NULL,
  `file` text NOT NULL
) ENGINE=InnoDB DEFAULT CHARSET=latin1;

--
-- Dumping data for table `mnj_image`
--

INSERT INTO `mnj_image` (`id_image`, `id_user`, `file`) VALUES
(1, 1, 'user_img/10442_ATbpAb5T4.jpg');

-- --------------------------------------------------------

--
-- Table structure for table `mnj_login`
--

CREATE TABLE `mnj_login` (
  `id_login` int(11) NOT NULL,
  `username` varchar(40) NOT NULL,
  `password` text NOT NULL,
  `nama_user` varchar(50) NOT NULL,
  `id_role` int(11) NOT NULL
) ENGINE=InnoDB DEFAULT CHARSET=latin1;

--
-- Dumping data for table `mnj_login`
--

INSERT INTO `mnj_login` (`id_login`, `username`, `password`, `nama_user`, `id_role`) VALUES
(1, 'admin', '21232f297a57a5a743894a0e4a801fc3', 'ADMINISTRATOR', 1),
(3, 'endah', 'b93939873fd4923043b9dec975811f66', 'Ns.Endah S P., S.Kep.', 4),
(4, '100001', 'e2a6a1ace352668000aed191a817d143', 'H.T Sartono, CRNA', 3),
(5, '100002', 'bb36c34eb6644ab9694315af7d68e629', 'Masudik, EMT-P, M. Kes.', 3),
(6, '100003', '3dc81e3f2c523fb5955761bbe2d150f2', 'Supriyatno, S.Kep.', 2),
(7, '100004', '1ea85063355fbfad3de73ab038261d62', 'Ns.Endah S P., S.Kep.', 4),
(8, '100005', 'efd1a2f9b0b5f14b1fac70a7f8e8a9e7', 'Ns. Heti Widiastuti, S.Kep.', 4),
(9, '100006', '758691fdf7ae3403db0d3bd8ac3ad585', 'Ns. Dinar Kusdinar, S.Kep.', 2),
(10, '100007', '9e3fc2a6d0f45c7a999ab01ebcacaf94', 'Tiara Ramadayanti', 4),
(11, '100008', 'ab24c2fe5b396a574095a73b1ad23356', 'Rahmat Al Hafizh', 4),
(12, '100009', '795202367b2120e77b231d4d2b98e2b9', 'Susilawati, S.Tr.Keb.', 4),
(13, '100010', 'daa28096f9e8879ab3a02b90aa0e2f83', 'Imas Masriah', 2),
(14, '100011', '09a146c8d1cfdbdb54ceb60ede93cdab', 'Desie Arismawati, Amd.', 4),
(15, '100012', '21bf043d935e1499b3749c2f483df890', 'Nur Khalimah', 2),
(16, '100013', '33932d50e450ef3ccfbcf69ac9ba04e5', 'Caming', 4),
(17, '100014', 'a3c3a95f3e42519d7ba5284cffcd4e25', 'Mulyadi', 4),
(18, '100015', 'e025b5159bba8890d4f936973d0bcb2f', 'Siska Kusuma Dewi, S.H.', 1),
(19, '100016', '89deb442ec0592fb5fc8b4908cbf1580', 'Ns. Irawan, S.Kep.', 2),
(20, '100017', '07986d41d4c01c67d4b91cdcf10cb777', 'Ns. Dedi Akhmad, S.Kep.', 4),
(21, '100018', '1be1ef5ef17c532b377b5238c07adf78', 'Oktavianto, Amd, Kep.', 4),
(22, '100019', '8a8eac8eaeca4d75f0cafc20319c06af', 'Fajar Adi Wicaksono, S.Kep.', 4),
(23, '100020', '6372b5b816b700cbb03a54c7859c416c', 'Ari Dian Prayoga, S.Kep.', 4),
(24, '100021', '10e54ab2f0c23c9be1e5e5c20e8b1d8b', 'Wibowo, S.Kep.', 4),
(25, '100022', '70314ca6c279ed0aa1d108f91c088ca5', 'Waluyo, AMK', 4),
(26, '100023', '65feb6b8c9726133b18ac2f2ac26e8bc', 'Muhaji, M.Si, M.Tr.Kep.', 4);

-- --------------------------------------------------------

--
-- Table structure for table `mnj_role`
--

CREATE TABLE `mnj_role` (
  `id_role` int(11) NOT NULL,
  `nama_role` varchar(50) NOT NULL
) ENGINE=InnoDB DEFAULT CHARSET=latin1;

--
-- Dumping data for table `mnj_role`
--

INSERT INTO `mnj_role` (`id_role`, `nama_role`) VALUES
(1, 'Admin / SDM'),
(2, 'Kepala Divisi'),
(3, 'Direktur'),
(4, 'Karyawan');

--
-- Indexes for dumped tables
--

--
-- Indexes for table `ct_cuti`
--
ALTER TABLE `ct_cuti`
  ADD PRIMARY KEY (`id_cuti`);

--
-- Indexes for table `ct_divisi`
--
ALTER TABLE `ct_divisi`
  ADD PRIMARY KEY (`kd_divisi`);

--
-- Indexes for table `ct_golongan_usia`
--
ALTER TABLE `ct_golongan_usia`
  ADD PRIMARY KEY (`id_golongan`);

--
-- Indexes for table `ct_jabatan`
--
ALTER TABLE `ct_jabatan`
  ADD PRIMARY KEY (`kd_jabatan`);

--
-- Indexes for table `ct_jenis_cuti`
--
ALTER TABLE `ct_jenis_cuti`
  ADD PRIMARY KEY (`id_jenis_cuti`);

--
-- Indexes for table `ct_karyawan`
--
ALTER TABLE `ct_karyawan`
  ADD PRIMARY KEY (`id_karyawan`);

--
-- Indexes for table `ct_status_kawin`
--
ALTER TABLE `ct_status_kawin`
  ADD PRIMARY KEY (`id_status`);

--
-- Indexes for table `ct_usia`
--
ALTER TABLE `ct_usia`
  ADD PRIMARY KEY (`id_usia`);

--
-- Indexes for table `mnj_image`
--
ALTER TABLE `mnj_image`
  ADD PRIMARY KEY (`id_image`);

--
-- Indexes for table `mnj_login`
--
ALTER TABLE `mnj_login`
  ADD PRIMARY KEY (`id_login`);

--
-- Indexes for table `mnj_role`
--
ALTER TABLE `mnj_role`
  ADD PRIMARY KEY (`id_role`);

--
-- AUTO_INCREMENT for dumped tables
--

--
-- AUTO_INCREMENT for table `ct_cuti`
--
ALTER TABLE `ct_cuti`
  MODIFY `id_cuti` int(11) NOT NULL AUTO_INCREMENT, AUTO_INCREMENT=421;

--
-- AUTO_INCREMENT for table `ct_divisi`
--
ALTER TABLE `ct_divisi`
  MODIFY `kd_divisi` int(11) NOT NULL AUTO_INCREMENT, AUTO_INCREMENT=8;

--
-- AUTO_INCREMENT for table `ct_golongan_usia`
--
ALTER TABLE `ct_golongan_usia`
  MODIFY `id_golongan` int(11) NOT NULL AUTO_INCREMENT, AUTO_INCREMENT=5;

--
-- AUTO_INCREMENT for table `ct_jabatan`
--
ALTER TABLE `ct_jabatan`
  MODIFY `kd_jabatan` int(11) NOT NULL AUTO_INCREMENT, AUTO_INCREMENT=15;

--
-- AUTO_INCREMENT for table `ct_jenis_cuti`
--
ALTER TABLE `ct_jenis_cuti`
  MODIFY `id_jenis_cuti` int(11) NOT NULL AUTO_INCREMENT, AUTO_INCREMENT=3;

--
-- AUTO_INCREMENT for table `ct_karyawan`
--
ALTER TABLE `ct_karyawan`
  MODIFY `id_karyawan` int(11) NOT NULL AUTO_INCREMENT, AUTO_INCREMENT=24;

--
-- AUTO_INCREMENT for table `ct_usia`
--
ALTER TABLE `ct_usia`
  MODIFY `id_usia` int(11) NOT NULL AUTO_INCREMENT, AUTO_INCREMENT=24;

--
-- AUTO_INCREMENT for table `mnj_image`
--
ALTER TABLE `mnj_image`
  MODIFY `id_image` int(11) NOT NULL AUTO_INCREMENT, AUTO_INCREMENT=2;

--
-- AUTO_INCREMENT for table `mnj_login`
--
ALTER TABLE `mnj_login`
  MODIFY `id_login` int(11) NOT NULL AUTO_INCREMENT, AUTO_INCREMENT=27;

--
-- AUTO_INCREMENT for table `mnj_role`
--
ALTER TABLE `mnj_role`
  MODIFY `id_role` int(11) NOT NULL AUTO_INCREMENT, AUTO_INCREMENT=5;
COMMIT;

/*!40101 SET CHARACTER_SET_CLIENT=@OLD_CHARACTER_SET_CLIENT */;
/*!40101 SET CHARACTER_SET_RESULTS=@OLD_CHARACTER_SET_RESULTS */;
/*!40101 SET COLLATION_CONNECTION=@OLD_COLLATION_CONNECTION */;
